State,Day,Predicted_Population,Model_R²,Model_MAE
Chhattisgarh,1,2.023123126873127,-0.06521895092831254,0.7855088578088578
Chhattisgarh,2,1.5233255078255081,-0.06521895092831254,0.7855088578088578
Chhattisgarh,3,2.0149961427461425,-0.06521895092831254,0.7855088578088578
Chhattisgarh,4,1.926532217782218,-0.06521895092831254,0.7855088578088578
Chhattisgarh,5,2.0910930735930737,-0.06521895092831254,0.7855088578088578
Chhattisgarh,6,2.028872405372405,-0.06521895092831254,0.7855088578088578
Chhattisgarh,7,2.013973304473305,-0.06521895092831254,0.7855088578088578
Chhattisgarh,8,2.0090039405039404,-0.06521895092831254,0.7855088578088578
Chhattisgarh,9,2.1115289432789432,-0.06521895092831254,0.7855088578088578
Chhattisgarh,10,2.1115289432789432,-0.06521895092831254,0.7855088578088578
Chhattisgarh,11,2.1115289432789432,-0.06521895092831254,0.7855088578088578
Chhattisgarh,12,2.1115289432789432,-0.06521895092831254,0.7855088578088578
Chhattisgarh,13,2.1115289432789432,-0.06521895092831254,0.7855088578088578
Chhattisgarh,14,2.1115289432789432,-0.06521895092831254,0.7855088578088578
Chhattisgarh,15,2.1115289432789432,-0.06521895092831254,0.7855088578088578
Chhattisgarh,16,2.1115289432789432,-0.06521895092831254,0.7855088578088578
Chhattisgarh,17,2.1115289432789432,-0.06521895092831254,0.7855088578088578
Chhattisgarh,18,2.1115289432789432,-0.06521895092831254,0.7855088578088578
Chhattisgarh,19,2.1115289432789432,-0.06521895092831254,0.7855088578088578
Chhattisgarh,20,2.1115289432789432,-0.06521895092831254,0.7855088578088578
Chhattisgarh,21,2.1115289432789432,-0.06521895092831254,0.7855088578088578
Chhattisgarh,22,2.1115289432789432,-0.06521895092831254,0.7855088578088578
Chhattisgarh,23,2.1115289432789432,-0.06521895092831254,0.7855088578088578
Chhattisgarh,24,2.1115289432789432,-0.06521895092831254,0.7855088578088578
Chhattisgarh,25,2.1115289432789432,-0.06521895092831254,0.7855088578088578
Chhattisgarh,26,2.1115289432789432,-0.06521895092831254,0.7855088578088578
Chhattisgarh,27,2.1115289432789437,-0.06521895092831254,0.7855088578088578
Chhattisgarh,28,2.1115289432789432,-0.06521895092831254,0.7855088578088578
Chhattisgarh,29,2.1115289432789432,-0.06521895092831254,0.7855088578088578
Chhattisgarh,30,2.1115289432789432,-0.06521895092831254,0.7855088578088578
